

insert into ARTISTENTITY (ID, BIRTHDATE, DESCRIPTION, IMAGE, NAME) values (100, '2018-06-15 17:26:30', 'H.', 'http://dummyimage.com/170x180.bmp/5fa2dd/ffffff', 'Janella Ison');
insert into ARTISTENTITY (ID, BIRTHDATE, DESCRIPTION, IMAGE, NAME) values (101, '2018-11-15 23:50:12', 'H', 'http://dummyimage.com/121x191.jpg/dddddd/000000', 'Nettie McIleen');
insert into ARTISTENTITY (ID, BIRTHDATE, DESCRIPTION, IMAGE, NAME) values (102, '2018-06-24 05:27:37', 'H', 'http://dummyimage.com/146x107.jpg/5fa2dd/ffffff', 'Julee Palmer');
insert into ARTISTENTITY (ID, BIRTHDATE, DESCRIPTION, IMAGE, NAME) values (103, '2018-03-20 07:54:00', 'H', 'http://dummyimage.com/245x228.bmp/cc0000/ffffff', 'Tobe Verbeek');
insert into ARTISTENTITY (ID, BIRTHDATE, DESCRIPTION, IMAGE, NAME) values (104, '2018-02-19 20:35:46', 'H', 'http://dummyimage.com/204x103.bmp/cc0000/ffffff', 'Valerye Wolfart');
insert into ARTISTENTITY (ID, BIRTHDATE, DESCRIPTION, IMAGE, NAME) values (105, '2018-03-01 20:13:53', 'H', 'http://dummyimage.com/194x181.jpg/5fa2dd/ffffff', 'Stinky Jarrette');
insert into ARTISTENTITY (ID, BIRTHDATE, DESCRIPTION, IMAGE, NAME) values (106, '2018-06-21 10:21:04', 'H', 'http://dummyimage.com/235x167.jpg/5fa2dd/ffffff', 'Silvester Fidele');
insert into ARTISTENTITY (ID, BIRTHDATE, DESCRIPTION, IMAGE, NAME) values (107, '2017-12-04 08:55:29', 'H', 'http://dummyimage.com/153x145.jpg/dddddd/000000', 'Marcie Maultby');
insert into ARTISTENTITY (ID, BIRTHDATE, DESCRIPTION, IMAGE, NAME) values (108, '2018-04-15 00:43:33', 'H', 'http://dummyimage.com/112x156.jpg/5fa2dd/ffffff', 'Ludwig Roughley');
insert into ARTISTENTITY (ID, BIRTHDATE, DESCRIPTION, IMAGE, NAME) values (109, '2018-11-16 22:56:21','H', 'http://dummyimage.com/165x106.bmp/dddddd/000000', 'Opaline Padley');

insert into CVENTITY (ID, EDUCATION, INFORMACIONADICIONAL, NOMBREOBRAMASCONOCIDA, ARTIST_ID) values (100, 'Florida Metropolitan University, Tampa College Lakeland',  'Info del artista', 'Aongstroemia Moss', 100);
insert into CVENTITY (ID, EDUCATION,  INFORMACIONADICIONAL, NOMBREOBRAMASCONOCIDA, ARTIST_ID) values (101, 'National College of Ireland', 'Info del artista', 'Hairy Gumweed', 101);
insert into CVENTITY (ID, EDUCATION,  INFORMACIONADICIONAL, NOMBREOBRAMASCONOCIDA, ARTIST_ID) values (102, 'Duquesne University',  'Info del artista', 'Black Garlic',102);
insert into CVENTITY (ID, EDUCATION,  INFORMACIONADICIONAL, NOMBREOBRAMASCONOCIDA. ARTIST_ID) values (103, 'Ecole Superieur d''Ingenieurs Leonard de Vinci', 'Info del artista', 'Plumeless Thistle', 103);
insert into CVENTITY (ID, EDUCATION,  INFORMACIONADICIONAL, NOMBREOBRAMASCONOCIDA. ARTIST_ID) values (104, 'Benson Idahosa University',  'Info del artista', 'Forest Johnnyberry',104);
insert into CVENTITY (ID, EDUCATION,  INFORMACIONADICIONAL, NOMBREOBRAMASCONOCIDA. ARTIST_ID) values (105, 'Universidad de Los Andes', 'Info del artista', 'Big-flower Broom',105);
insert into CVENTITY (ID, EDUCATION,  INFORMACIONADICIONAL, NOMBREOBRAMASCONOCIDA, ARTIST_ID) values (106, 'Ferrum College',  'Info del artista', 'Grayleaf Red Raspberry',106);
insert into CVENTITY (ID, EDUCATION,  INFORMACIONADICIONAL, NOMBREOBRAMASCONOCIDA, ARTIST_ID) values (107, 'Charles Sturt University',  'Info del artista', 'Zigzag Silkgrass',107);
insert into CVENTITY (ID, EDUCATION,  INFORMACIONADICIONAL, NOMBREOBRAMASCONOCIDA, ARTIST_ID) values (108, 'Kobe Design University', 'Info del artista', 'Serpentine Fleabane',108);
insert into CVENTITY (ID, EDUCATION,  INFORMACIONADICIONAL, NOMBREOBRAMASCONOCIDA, ARTIST_ID) values (109, 'University of Bucharest',  'Info del artista', 'Massachusetts Blackberry',109);

insert into BUYERENTITY (ID, ADRESS, COUNTRY, CREDITCARD, EMAIL, USUARIO, NAME, PASSWORD, PHONE) values (1, '9214 Wayridge Crossing', 'Philippines', 'error: Access denied to method >.', 'dobal0@a8.net', 'dobal0', 'Drew Obal', 'NoOqJW39iK4a', '851-668-5629');
insert into BUYERENTITY (ID, ADRESS, COUNTRY, CREDITCARD, EMAIL, USUARIO, NAME, PASSWORD, PHONE) values (2, '1 Bayside Avenue', 'Hungary', 'error: Access denied to method >.', 'ymannin1@vkontakte.ru', 'ymannin1', 'Yank Mannin', 'hlluqrseqH6Z', '832-295-4691');
insert into BUYERENTITY (ID, ADRESS, COUNTRY, CREDITCARD, EMAIL, USUARIO, NAME, PASSWORD, PHONE) values (3, '9 Corben Junction', 'Philippines', 'error: Access denied to method >.', 'boxe2@nba.com', 'boxe2', 'Bradney Oxe', 'FSxFASEVCZ', '192-278-6035');
insert into BUYERENTITY (ID, ADRESS, COUNTRY, CREDITCARD, EMAIL, USUARIO, NAME, PASSWORD, PHONE) values (4, '88850 Longview Plaza', 'Sweden', 'error: Access denied to method >.', 'rblainey3@free.fr', 'rblainey3', 'Rachel Blainey', '9WBVYlFJ3RO', '691-547-5544');
insert into BUYERENTITY (ID, ADRESS, COUNTRY, CREDITCARD, EMAIL, USUARIO, NAME, PASSWORD, PHONE) values (5, '53709 Farragut Park', 'Poland', 'error: Access denied to method >.', 'sgurnee4@gnu.org', 'sgurnee4', 'Sonnie Gurnee', 'vQ9QMs', '523-429-4099');
insert into BUYERENTITY (ID, ADRESS, COUNTRY, CREDITCARD, EMAIL, USUARIO, NAME, PASSWORD, PHONE) values (6, '33342 Harper Avenue', 'France', 'error: Access denied to method >.', 'nvlasin5@cam.ac.uk', 'nvlasin5', 'Neville Vlasin', 'XaWpGg', '883-238-4659');
insert into BUYERENTITY (ID, ADRESS, COUNTRY, CREDITCARD, EMAIL, USUARIO, NAME, PASSWORD, PHONE) values (7, '2 Hoepker Place', 'China', 'error: Access denied to method >.', 'dpapaminas6@upenn.edu', 'dpapaminas6', 'Dominik Papaminas', 'Vk5rfUPqXd', '741-753-1242');
insert into BUYERENTITY (ID, ADRESS, COUNTRY, CREDITCARD, EMAIL, USUARIO, NAME, PASSWORD, PHONE) values (8, '81 Messerschmidt Hill', 'China', 'error: Access denied to method >.', 'lcaney7@jugem.jp', 'lcaney7', 'Luce Caney', '5muEpGXsQg', '586-310-2501');
insert into BUYERENTITY (ID, ADRESS, COUNTRY, CREDITCARD, EMAIL, USUARIO, NAME, PASSWORD, PHONE) values (9, '489 Autumn Leaf Lane', 'China', 'error: Access denied to method >.', 'mterzo8@umn.edu', 'mterzo8', 'Marina Terzo', 'y8vHWiDsQ', '449-422-2595');
insert into BUYERENTITY (ID, ADRESS, COUNTRY, CREDITCARD, EMAIL, USUARIO, NAME, PASSWORD, PHONE) values (10, '23 Lakewood Gardens Court', 'Ukraine', 'error: Access denied to method >.', 'caguirre9@tripadvisor.com', 'caguirre9', 'Claudian Aguirre', 'ZaX7js77WrQ', '370-173-9420');

insert into PAINTWORKENTITY (ID, COUNTRY, DESCRIPTION, IMAGEPATH, NAME, VALOR, VERIFICACIONOBRA, VIDEOPATH, BUYER_ID) values (1, 'Mongolia', 'V', 'http://dummyimage.com/200x193.bmp/ff4444/ffffff', 'Narasoo Hair Tonic', 313,0, 'http://dummyimage.com/199x120.png/cc0000/ffffff', 2);
insert into PAINTWORKENTITY (ID, COUNTRY, DESCRIPTION, IMAGEPATH, NAME, VALOR, VERIFICACIONOBRA, VIDEOPATH, BUYER_ID) values (2, 'Ethiopia', 'V', 'http://dummyimage.com/153x201.jpg/dddddd/000000', 'Gabapentin', 738990, 1, 'http://dummyimage.com/217x236.jpg/5fa2dd/ffffff', 10);
insert into PAINTWORKENTITY (ID, COUNTRY, DESCRIPTION, IMAGEPATH, NAME, VALOR, VERIFICACIONOBRA, VIDEOPATH, BUYER_ID) values (3, 'Egypt', 'V', 'http://dummyimage.com/197x183.png/cc0000/ffffff', 'MKMen Moisturizer Sunscreen Broad Spectrum SPF 25', 644770, 0, 'http://dummyimage.com/219x166.png/dddddd/000000', 7);
insert into PAINTWORKENTITY (ID, COUNTRY, DESCRIPTION, IMAGEPATH, NAME, VALOR, VERIFICACIONOBRA, VIDEOPATH, BUYER_ID) values (4, 'Ireland', 'U', 'http://dummyimage.com/202x207.jpg/5fa2dd/ffffff', 'Loratadine', 309624, 1, 'http://dummyimage.com/132x148.jpg/5fa2dd/ffffff', 3);
insert into PAINTWORKENTITY (ID, COUNTRY, DESCRIPTION, IMAGEPATH, NAME, VALOR, VERIFICACIONOBRA, VIDEOPATH, BUYER_ID) values (5, 'Peru', 'No', 'http://dummyimage.com/222x180.jpg/ff4444/ffffff', 'POPULUS DELTOIDES POLLEN', 103521, 1, 'http://dummyimage.com/102x185.jpg/ff4444/ffffff', 4);
insert into PAINTWORKENTITY (ID, COUNTRY, DESCRIPTION, IMAGEPATH, NAME, VALOR, VERIFICACIONOBRA, VIDEOPATH, BUYER_ID) values (6, 'Mongolia', 'S', 'http://dummyimage.com/246x218.png/cc0000/ffffff', 'GEMFIBROZIL', 120680, 1, 'http://dummyimage.com/164x154.png/dddddd/000000', 4);
insert into PAINTWORKENTITY (ID, COUNTRY, DESCRIPTION, IMAGEPATH, NAME, VALOR, VERIFICACIONOBRA, VIDEOPATH, BUYER_ID) values (7, 'Indonesia', 'C', 'http://dummyimage.com/121x140.png/cc0000/ffffff', 'Verapamil Hydrochloride', 235763, 1, 'http://dummyimage.com/239x212.bmp/cc0000/ffffff', 9);
insert into PAINTWORKENTITY (ID, COUNTRY, DESCRIPTION, IMAGEPATH, NAME, VALOR, VERIFICACIONOBRA, VIDEOPATH, BUYER_ID) values (8, 'Russia', 'M', 'http://dummyimage.com/199x231.jpg/cc0000/ffffff', 'Nostalgia', 589906, 1, 'http://dummyimage.com/181x177.jpg/cc0000/ffffff', 4);
insert into PAINTWORKENTITY (ID, COUNTRY, DESCRIPTION, IMAGEPATH, NAME, VALOR, VERIFICACIONOBRA, VIDEOPATH, BUYER_ID) values (9, 'Japan', 'In', 'http://dummyimage.com/199x250.bmp/cc0000/ffffff', 'Kirklands Childrens Aller Tec', 553242, 1, 'http://dummyimage.com/150x245.png/dddddd/000000', 2);
insert into PAINTWORKENTITY (ID, COUNTRY, DESCRIPTION, IMAGEPATH, NAME, VALOR, VERIFICACIONOBRA, VIDEOPATH, BUYER_ID) values (10, 'Venezuela', 'Cr', 'http://dummyimage.com/164x213.png/ff4444/ffffff', 'Lorazepam', 418060, 0, 'http://dummyimage.com/155x117.png/dddddd/000000', 3);

insert into CATEGORYENTITY (ID, DESCRIPTION, NAME, OBRA_ID) values (1, 'HoN', 'Comedy', 10);
insert into CATEGORYENTITY (ID, DESCRIPTION, NAME, OBRA_ID) values (2, 'Mrs', 'Crime', 9); 
insert into CATEGORYENTITY (ID, DESCRIPTION, NAME, OBRA_ID) values (3, 'Mrs', 'Animation', 3);
insert into CATEGORYENTITY (ID, DESCRIPTION, NAME, OBRA_ID) values (4, 'Mrs', 'Drama', 4);
insert into CATEGORYENTITY (ID, DESCRIPTION, NAME, OBRA_ID) values (5, 'Dr', 'Mystery', 7);
insert into CATEGORYENTITY (ID, DESCRIPTION, NAME, OBRA_ID) values (6, 'Honorable', 'Comedy', 8);
insert into CATEGORYENTITY (ID, DESCRIPTION, NAME, OBRA_ID) values (7, 'Dr', 'Comedy', 1);
insert into CATEGORYENTITY (ID, DESCRIPTION, NAME, OBRA_ID) values (8, 'Mrs', 'Fantasy', 2);
insert into CATEGORYENTITY (ID, DESCRIPTION, NAME, OBRA_ID) values (9, 'Mr', 'War', 5);
insert into CATEGORYENTITY (ID, DESCRIPTION, NAME, OBRA_ID) values (10, 'Rev', 'Horror', 6);

insert into MEDIOPAGOENTITY (ID, BANK, DESCRIPTION, NUMBER) values (1, 'Rohan-Marvin', 'Rev', 64);

insert into MEDIOPAGOENTITY (ID, BANK, DESCRIPTION, NUMBER) values (1, 'Corkery, Mann and Daniel', 'Mrs', 22);
insert into MEDIOPAGOENTITY (ID, BANK, DESCRIPTION, NUMBER) values (2, 'Donnelly, Blick and Dietrich', 'Dr', 30);
insert into MEDIOPAGOENTITY (ID, BANK, DESCRIPTION, NUMBER) values (3, 'Keebler-Rowe', 'Dr', 96);
insert into MEDIOPAGOENTITY (ID, BANK, DESCRIPTION, NUMBER) values (4, 'Harber, Deckow and King', 'Mrs', 74);
insert into MEDIOPAGOENTITY (ID, BANK, DESCRIPTION, NUMBER) values (5, 'Stiedemann, Hayes and Welch', 'Mrs', 74);
insert into MEDIOPAGOENTITY (ID, BANK, DESCRIPTION, NUMBER) values (6, 'Daniel-Haley', 'Honorable', 21);
insert into MEDIOPAGOENTITY (ID, BANK, DESCRIPTION, NUMBER) values (7, 'Auer-Jakubowski', 'Dr', 82);
insert into MEDIOPAGOENTITY (ID, BANK, DESCRIPTION, NUMBER) values (8, 'Powlowski LLC', 'Mr', 53);
insert into MEDIOPAGOENTITY (ID, BANK, DESCRIPTION, NUMBER) values (9, 'Kshlerin-Weimann', 'Mr', 99);
insert into MEDIOPAGOENTITY (ID, BANK, DESCRIPTION, NUMBER) values (10, 'Becker, Fay and Dickens', 'Mr', 73);

insert into SALEENTITY (ID, DESCRIPTION, PRICE, TAXES, ARTIST_ID, BUYER_ID, METODO_ID, OBRA_ID) values (1, 'V', 10000, 10855, 1, 1, 1, 1);
insert into SALEENTITY (ID, DESCRIPTION, PRICE, TAXES, ARTIST_ID, BUYER_ID, METODO_ID, OBRA_ID) values (2, 'V', 2334890, 8666, 2, 2, 2, 2);
insert into SALEENTITY (ID, DESCRIPTION, PRICE, TAXES, ARTIST_ID, BUYER_ID, METODO_ID, OBRA_ID) values (3, 'V', 89768, 3852, 3, 3, 3, 3);
insert into SALEENTITY (ID, DESCRIPTION, PRICE, TAXES, ARTIST_ID, BUYER_ID, METODO_ID, OBRA_ID) values (4, 'V', 78967, 3619, 4, 4, 4, 4);
insert into SALEENTITY (ID, DESCRIPTION, PRICE, TAXES, ARTIST_ID, BUYER_ID, METODO_ID, OBRA_ID) values (5, 'V', 32456, 21298, 5, 5, 5, 5);
insert into SALEENTITY (ID, DESCRIPTION, PRICE, TAXES, ARTIST_ID, BUYER_ID, METODO_ID, OBRA_ID) values (6, 'V', 456987, 1309, 6, 6, 6, 6);
insert into SALEENTITY (ID, DESCRIPTION, PRICE, TAXES, ARTIST_ID, BUYER_ID, METODO_ID, OBRA_ID) values (7, 'V', 56790, 9325, 7, 7, 7, 7);
insert into SALEENTITY (ID, DESCRIPTION, PRICE, TAXES, ARTIST_ID, BUYER_ID, METODO_ID, OBRA_ID) values (8, 'V', 78906, 2073, 8, 8, 8, 8);
insert into SALEENTITY (ID, DESCRIPTION, PRICE, TAXES, ARTIST_ID, BUYER_ID, METODO_ID, OBRA_ID) values (9, 'V', 2345678, 9271, 9, 9, 9, 9);
insert into SALEENTITY (ID, DESCRIPTION, PRICE, TAXES, ARTIST_ID, BUYER_ID, METODO_ID, OBRA_ID) values (10, 'V', 67890, 11815, 10, 10, 10, 10);

insert into EXTRASERVICEENTITY (ID, AVAILABILITY, DESCRIPTION, NAME , PRICE, SALE_ID) values (1, 1, 'z', 'Marco dorado', 823947, 6);
insert into EXTRASERVICEENTITY (ID, AVAILABILITY, DESCRIPTION, NAME , PRICE, SALE_ID) values (2, 0, 'z', 'Marco transparente', 158053, 1);
insert into EXTRASERVICEENTITY (ID, AVAILABILITY, DESCRIPTION, NAME , PRICE, SALE_ID) values (3, 0, 'z', 'Marco de puntos', 379124, 5);
insert into EXTRASERVICEENTITY (ID, AVAILABILITY, DESCRIPTION, NAME , PRICE, SALE_ID) values (4, 0, 'z', 'Marco transparente', 530622, 7);
insert into EXTRASERVICEENTITY (ID, AVAILABILITY, DESCRIPTION, NAME , PRICE, SALE_ID) values (5, 0, 'z', 'Marco azul', 395035, 8);
insert into EXTRASERVICEENTITY (ID, AVAILABILITY, DESCRIPTION, NAME , PRICE, SALE_ID) values (6, 1, 'z', 'Marco negro', 862388, 1);
insert into EXTRASERVICEENTITY (ID, AVAILABILITY, DESCRIPTION, NAME , PRICE, SALE_ID) values (7, 1, 'z', 'Marco azul', 259392, 6);
insert into EXTRASERVICEENTITY (ID, AVAILABILITY, DESCRIPTION, NAME , PRICE, SALE_ID) values (8, 1, 'z', 'Marco transparente', 667299, 1);
insert into EXTRASERVICEENTITY (ID, AVAILABILITY, DESCRIPTION, NAME , PRICE, SALE_ID) values (9, 0, 'z', 'Marco azul', 411435, 8);
insert into EXTRASERVICEENTITY (ID, AVAILABILITY, DESCRIPTION, NAME , PRICE, SALE_ID) values (10, true, 'z', 'Marco negro', 864307, 8);

insert into FEEDBACKENTITY (ID, COMENTARIO, NAME, OBRA_ID) values (1, 'Obra bonita', 'Freeman Blissett', 10);
insert into FEEDBACKENTITY (ID, COMENTARIO, NAME, OBRA_ID) values (2, 'Gran trabajo', 'Benjy Reisenstein', 6);
insert into FEEDBACKENTITY (ID, COMENTARIO, NAME, OBRA_ID) values (3, 'Puede mejorar', 'Eloisa Coogan', 9);
insert into FEEDBACKENTITY (ID, COMENTARIO, NAME, OBRA_ID) values (4, 'Excelente artista', 'Selestina Escala', 4);
insert into FEEDBACKENTITY (ID, COMENTARIO, NAME, OBRA_ID) values (5, 'Gran trabajo', 'Marice Speir', 5);
insert into FEEDBACKENTITY (ID, COMENTARIO, NAME, OBRA_ID) values (6, 'Faltan detalles', 'Dick Gallaher', 7);
insert into FEEDBACKENTITY (ID, COMENTARIO, NAME, OBRA_ID) values (7, 'Excelente', 'Morgen Scullard', 7);
insert into FEEDBACKENTITY (ID, COMENTARIO, NAME, OBRA_ID) values (8, 'Gran trabajo', 'Susanetta D''Agostino', 5);
insert into FEEDBACKENTITY (ID, COMENTARIO, NAME, OBRA_ID) values (9, 'Obra bonita', 'Abba Braksper', 5);
insert into FEEDBACKENTITY (ID, COMENTARIO, NAME, OBRA_ID) values (10, 'Puede mejorar', 'Reamonn Caldwell', 9);

insert into KINDENTITY (ID, DESCRIPTION, NAME, PAINTWORK_ID) values (1, 'http://dummyimage.com/184x171.png/ff4444/ffffff', 'Imagen', 10);
insert into KINDENTITY (ID, DESCRIPTION, NAME, PAINTWORK_ID) values (2, 'http://dummyimage.com/103x221.bmp/dddddd/000000', 'Imagen', 9);
insert into KINDENTITY (ID, DESCRIPTION, NAME, PAINTWORK_ID) values (3, 'http://dummyimage.com/187x228.jpg/dddddd/000000', 'Imagen', 8);
insert into KINDENTITY (ID, DESCRIPTION, NAME, PAINTWORK_ID) values (4, 'http://dummyimage.com/154x112.jpg/dddddd/000000', 'Imagen', 7);
insert into KINDENTITY (ID, DESCRIPTION, NAME, PAINTWORK_ID) values (5, 'http://dummyimage.com/232x176.jpg/5fa2dd/ffffff', 'Imagen', 6);
insert into KINDENTITY (ID, DESCRIPTION, NAME, PAINTWORK_ID) values (6, 'http://dummyimage.com/235x122.jpg/ff4444/ffffff', 'Imagen', 5);
insert into KINDENTITY (ID, DESCRIPTION, NAME, PAINTWORK_ID) values (7, 'http://dummyimage.com/239x129.bmp/cc0000/ffffff', 'Imagen', 2);
insert into KINDENTITY (ID, DESCRIPTION, NAME, PAINTWORK_ID) values (8, 'http://dummyimage.com/106x172.png/5fa2dd/ffffff', 'Imagen', 3);
insert into KINDENTITY (ID, DESCRIPTION, NAME, PAINTWORK_ID) values (9, 'http://dummyimage.com/201x210.bmp/dddddd/000000', 'Imagen', 4);
insert into KINDENTITY (ID, DESCRIPTION, NAME, PAINTWORK_ID) values (10, 'http://dummyimage.com/115x110.bmp/ff4444/ffffff', 'Imagen', 1);

insert into ARTISTENTITY_PAINTWORKENTITY (ARTISTENTITY_ID, PAINTWORKS_ID) values (1, 1);
insert into ARTISTENTITY_PAINTWORKENTITY (ARTISTENTITY_ID, PAINTWORKS_ID) values (2, 2);
insert into ARTISTENTITY_PAINTWORKENTITY (ARTISTENTITY_ID, PAINTWORKS_ID) values (3, 3);
insert into ARTISTENTITY_PAINTWORKENTITY (ARTISTENTITY_ID, PAINTWORKS_ID) values (4, 4);
insert into ARTISTENTITY_PAINTWORKENTITY (ARTISTENTITY_ID, PAINTWORKS_ID) values (5, 5);
insert into ARTISTENTITY_PAINTWORKENTITY (ARTISTENTITY_ID, PAINTWORKS_ID) values (6, 6);
insert into ARTISTENTITY_PAINTWORKENTITY (ARTISTENTITY_ID, PAINTWORKS_ID) values (7, 7);
insert into ARTISTENTITY_PAINTWORKENTITY (ARTISTENTITY_ID, PAINTWORKS_ID) values (8, 8);
insert into ARTISTENTITY_PAINTWORKENTITY (ARTISTENTITY_ID, PAINTWORKS_ID) values (9, 9);
insert into ARTISTENTITY_PAINTWORKENTITY (ARTISTENTITY_ID, PAINTWORKS_ID) values (10, 10);

insert into BUYERENTITY_PAINTWORKENTITY (BUYERENTITY_ID, PAINTWORK_ID) values (1, 1);
insert into BUYERENTITY_PAINTWORKENTITY (BUYERENTITY_ID, PAINTWORK_ID) values (2, 2);
insert into BUYERENTITY_PAINTWORKENTITY (BUYERENTITY_ID, PAINTWORK_ID) values (3, 3);
insert into BUYERENTITY_PAINTWORKENTITY (BUYERENTITY_ID, PAINTWORK_ID) values (4, 4);
insert into BUYERENTITY_PAINTWORKENTITY (BUYERENTITY_ID, PAINTWORK_ID) values (5, 5);
insert into BUYERENTITY_PAINTWORKENTITY (BUYERENTITY_ID, PAINTWORK_ID) values (6, 6);
insert into BUYERENTITY_PAINTWORKENTITY (BUYERENTITY_ID, PAINTWORK_ID) values (7, 7);
insert into BUYERENTITY_PAINTWORKENTITY (BUYERENTITY_ID, PAINTWORK_ID) values (8, 8);
insert into BUYERENTITY_PAINTWORKENTITY (BUYERENTITY_ID, PAINTWORK_ID) values (9, 9);
insert into BUYERENTITY_PAINTWORKENTITY (BUYERENTITY_ID, PAINTWORK_ID) values (10, 10);

insert into BUYERENTITY_SALEENTITY (BUYERENTITY_ID, SALE_ID) values (1, 1);
insert into BUYERENTITY_SALEENTITY (BUYERENTITY_ID, SALE_ID) values (2, 2);
insert into BUYERENTITY_SALEENTITY (BUYERENTITY_ID, SALE_ID) values (3, 3);
insert into BUYERENTITY_SALEENTITY (BUYERENTITY_ID, SALE_ID) values (4, 4);
insert into BUYERENTITY_SALEENTITY (BUYERENTITY_ID, SALE_ID) values (5, 5);
insert into BUYERENTITY_SALEENTITY (BUYERENTITY_ID, SALE_ID) values (6, 6);
insert into BUYERENTITY_SALEENTITY (BUYERENTITY_ID, SALE_ID) values (7, 7);
insert into BUYERENTITY_SALEENTITY (BUYERENTITY_ID, SALE_ID) values (8, 8);
insert into BUYERENTITY_SALEENTITY (BUYERENTITY_ID, SALE_ID) values (9, 9);
insert into BUYERENTITY_SALEENTITY (BUYERENTITY_ID, SALE_ID) values (10, 10);

insert into PAINTWORKENTITY_CATEGORYENTITY (PAINTWORKENTITY_ID, CATEGORY_ID) values (1, 1);
insert into PAINTWORKENTITY_CATEGORYENTITY (PAINTWORKENTITY_ID, CATEGORY_ID) values (2, 2);
insert into PAINTWORKENTITY_CATEGORYENTITY (PAINTWORKENTITY_ID, CATEGORY_ID) values (3, 3);
insert into PAINTWORKENTITY_CATEGORYENTITY (PAINTWORKENTITY_ID, CATEGORY_ID) values (4, 4);
insert into PAINTWORKENTITY_CATEGORYENTITY (PAINTWORKENTITY_ID, CATEGORY_ID) values (5, 5);
insert into PAINTWORKENTITY_CATEGORYENTITY (PAINTWORKENTITY_ID, CATEGORY_ID) values (6, 6);
insert into PAINTWORKENTITY_CATEGORYENTITY (PAINTWORKENTITY_ID, CATEGORY_ID) values (7, 7);
insert into PAINTWORKENTITY_CATEGORYENTITY (PAINTWORKENTITY_ID, CATEGORY_ID) values (8, 8);
insert into PAINTWORKENTITY_CATEGORYENTITY (PAINTWORKENTITY_ID, CATEGORY_ID) values (9, 9);
insert into PAINTWORKENTITY_CATEGORYENTITY (PAINTWORKENTITY_ID, CATEGORY_ID) values (10, 10);

insert into PAINTWORKENTITY_FEEDBACKENTITY (PAINTWORKENTITY_ID, FEEDBACK_ID) values (1, 1);
insert into PAINTWORKENTITY_FEEDBACKENTITY (PAINTWORKENTITY_ID, FEEDBACK_ID) values (2, 2);
insert into PAINTWORKENTITY_FEEDBACKENTITY (PAINTWORKENTITY_ID, FEEDBACK_ID) values (3, 3);
insert into PAINTWORKENTITY_FEEDBACKENTITY (PAINTWORKENTITY_ID, FEEDBACK_ID) values (4, 4);
insert into PAINTWORKENTITY_FEEDBACKENTITY (PAINTWORKENTITY_ID, FEEDBACK_ID) values (5, 5);
insert into PAINTWORKENTITY_FEEDBACKENTITY (PAINTWORKENTITY_ID, FEEDBACK_ID) values (6, 6);
insert into PAINTWORKENTITY_FEEDBACKENTITY (PAINTWORKENTITY_ID, FEEDBACK_ID) values (7, 7);
insert into PAINTWORKENTITY_FEEDBACKENTITY (PAINTWORKENTITY_ID, FEEDBACK_ID) values (8, 8);
insert into PAINTWORKENTITY_FEEDBACKENTITY (PAINTWORKENTITY_ID, FEEDBACK_ID) values (9, 9);
insert into PAINTWORKENTITY_FEEDBACKENTITY (PAINTWORKENTITY_ID, FEEDBACK_ID) values (10, 10);

insert into PAINTWORKENTITY_KINDENTITY (PAINTWORKENTITY_ID, KIND_ID) values (1, 1);
insert into PAINTWORKENTITY_KINDENTITY (PAINTWORKENTITY_ID, KIND_ID) values (2, 2);
insert into PAINTWORKENTITY_KINDENTITY (PAINTWORKENTITY_ID, KIND_ID) values (3, 3);
insert into PAINTWORKENTITY_KINDENTITY (PAINTWORKENTITY_ID, KIND_ID) values (4, 4);
insert into PAINTWORKENTITY_KINDENTITY (PAINTWORKENTITY_ID, KIND_ID) values (5, 5);
insert into PAINTWORKENTITY_KINDENTITY (PAINTWORKENTITY_ID, KIND_ID) values (6, 6);
insert into PAINTWORKENTITY_KINDENTITY (PAINTWORKENTITY_ID, KIND_ID) values (7, 7);
insert into PAINTWORKENTITY_KINDENTITY (PAINTWORKENTITY_ID, KIND_ID) values (8, 8);
insert into PAINTWORKENTITY_KINDENTITY (PAINTWORKENTITY_ID, KIND_ID) values (9, 9);
insert into PAINTWORKENTITY_KINDENTITY (PAINTWORKENTITY_ID, KIND_ID) values (10, 10);